,name,length,start,end,tags,date,filename
0,BACH MOV 1,2.1094104308390023,34.365,36.474,"T,TONE,E,T,4L,BACH,UL,HR",2021-09-24,"Bach Mov 1 v2_[4L, T,  E, HR]_[0,34,365]_[0,36,474] [2021-09-24 222332].wav"
1,BACH MOV 1,2.21875283446712,16.474,18.693,"T,TONE,T,4L,BACH,MR,FL,UL",2021-09-24,"Bach Mov 1 v2_[4L, T, FL, MR]_[0,16,474]_[0,18,693] [2021-09-24 222331].wav"
2,BACH MOV 1,2.253922902494331,26.67,28.924,"T,TONE,T,4L,BACH,MR,FL,UL",2021-09-24,"Bach Mov 1 v2_[4L, T, FL, MR]_[0,26,670]_[0,28,924] [2021-09-24 222331].wav"
3,BACH MOV 1,3.062517006802721,72.162,84.224,"T,BACH,C,TONE,LT,UL",2021-09-24,"Bach Mov 1 v2_[C,T,LT]_[1,12,162]_[1,24,224] [2021-09-24 222333].wav"
4,BACH MOV 1,1.6250340136054422,67.314,68.939,"T,TONE,B,D,BACH,UL,HR,2L",2021-09-24,"Bach Mov 1 v2_[D, 2L, HR, B]_[1,7,314]_[1,8,939] [2021-09-24 222332].wav"
5,BACH MOV 1,1.5546938775510204,101.521,103.076,"T,TONE,T,FL,3L,BACH,MR,UL",2021-09-24,"Bach Mov 1 v2_[FL, 3L, T, MR]_[1,41,521]_[1,43,76] [2021-09-24 222333].wav"
6,BACH MOV 1,1.0000226757369615,89.224,90.224,"T,T,BACH,TONE,MR,LT,UL",2021-09-24,"Bach Mov 1 v2_[LT, MR, T]_[1,29,224]_[1,30,224] [2021-09-24 222333].wav"
7,BACH MOV 1,1.2968934240362813,11.474,12.771,"T,BACH,TONE,MR,LT,UL",2021-09-24,"Bach Mov 1 v2_[LT, MR]_[0,11,474]_[0,12,771] [2021-09-24 222156].wav"
8,BACH MOV 1,3.4531292517006804,55.506,58.959,"T,TONE,3L,BACH,MR,UL,R",2021-09-24,"Bach Mov 1 v2_[T, 3L, R, MR]_[0,55,506]_[0,58,959] [2021-09-24 222332].wav"
9,BACH MOV 1,2.296893424036281,43.131,45.427,"T,TONE,4L,BACH,MR,FL,UL",2021-09-24,"Bach Mov 1 v2_[T, 4L, FL, MR]_[0,43,131]_[0,45,427] [2021-09-24 222332].wav"
10,BACH MOV 1,0.8789342403628118,100.642,101.521,"T,BACH,TONE,UL,B,HR",2021-09-24,"Bach Mov 1 v2_[T, HR, B]_[1,40,642]_[1,41,521] [2021-09-24 222333].wav"
11,BACH MOV 1,1.4531519274376417,91.365,92.818,"T,LR,UL,TONE,BACH,FL,UL",2021-09-24,"Bach Mov 1 v2_[T, LR, FL, UL]_[1,31,365]_[1,32,818] [2021-09-24 222333].wav"
12,BACH MOV 2,1.4531519274376417,32.413,33.866,"T,TONE,T,3L,BACH,MR,UL,R",2021-09-25,"Bach Mov 2 v2_[3L, T, MR, R]_[0, 32,413]_[0,33,866] [2021-09-25 001402].wav"
13,BACH MOV 2,1.3906349206349207,42.335,43.725,"LR,T,T,BACH,TONE,LT,UL",2021-09-25,"Bach Mov 2 v2_[LT, LR, T]_[0,42,335]_[0,43,725] [2021-09-25 001403].wav"
14,BACH MOV 2,2.1172108843537414,8.358,10.475999999999999,"T,TONE,4L,FD,R,T,BACH,MR,UL",2021-09-25,"Bach Mov 2 v2_[R, 4L, T, MR, FD]_[0,8,358]_[0,10,476] [2021-09-25 001401].wav"
15,BACH MOV 2,1.8593877551020408,25.085,26.944,"T,MR,TONE,4L,FD,R,T,BACH,UL",2021-09-25,"Bach Mov 2 v2_[R, T, 4L,  MR, FD]_[0,25,85]_[0,26,944] [2021-09-25 001402].wav"
16,BACH MOV 2,1.8437868480725623,61.913,63.757,"T,TONE,4L,R,T,BACH,MR,UL",2021-09-25,"Bach Mov 2 v2_[R, T, 4L, MR]_[1,1,913]_[1,3,757] [2021-09-25 001403].wav"
17,BACH MOV 2,1.3164399092970522,35.327,36.644,"T,LR,TONE,3L,BACH,FL,UL,R",2021-09-25,"Bach Mov 2 v2_[T, FL, R, LR, 3L]_[0,35, 327]_[0,36,644] [2021-09-25 001402].wav"
18,BACH MOV 2,1.8476870748299319,12.253,14.101,"T,LR,TONE,4L,BACH,UL,R",2021-09-25,"Bach Mov 2 v2_[T, LR, R, 4L]_[0,12,253]_[0,14,101] [2021-09-25 001401].wav"
19,BACH MOV 2,0.29689342403628116,39.413,39.71,"T,LR,BACH,TONE,UL,ST",2021-09-25,"Bach Mov 2 v2_[T, ST, LR]_[0,39,413]_[0,39,710] [2021-09-25 001402].wav"
20,BACH MOV 3,2.2500226757369615,5.9399999999999995,62.19,"T,TONE,C,T,UL,4L,BACH,MR,M",2021-09-25,"Bach Mov 3 v2_[4L, T,  M, MR, C]_[0,5,940]_[1,2,190] [2021-09-25 005634].wav"
21,BACH MOV 3,2.7109750566893425,116.127,118.838,"T,TONE,T,4L,BACH,MR,FL,UL",2021-09-25,"Bach Mov 3 v2_[4L, T, FL, MR]_[1,56,127]_[1,58,838] [2021-09-25 005635].wav"
22,BACH MOV 3,2.4375283446712017,16.002,18.44,"LR,T,TONE,C,T,4L,BACH,M,UL",2021-09-25,"Bach Mov 3 v2_[4L, T, M, LR, C]_[0,16,2]_[0,18,440] [2021-09-25 005632].wav"
23,BACH MOV 3,1.9297052154195011,128.19,130.12,"T,T,BACH,C,TONE,LT,UL",2021-09-25,"Bach Mov 3 v2_[C, LT, T]_[2,8,190]_[2,10,120] [2021-09-25 005635].wav"
24,BACH MOV 3,2.656281179138322,22.846,25.502,"T,UL,TONE,T,FL,BACH,MR,UL",2021-09-25,"Bach Mov 3 v2_[FL, T, MR, UL]_[0,22,846]_[0,25,502] [2021-09-25 005633].wav"
25,BACH MOV 3,4.3750113378684805,25.502,29.877,"T,MIX,UL,TONE,T,FL,BACH,UL",2021-09-25,"Bach Mov 3 v2_[FL, T, UL, MIX]_[0,25,502]_[0,29,877] [2021-09-25 005633].wav"
26,BACH MOV 3,2.875034013605442,130.627,133.502,"T,TONE,C,HR,T,BACH,LT,UL",2021-09-25,"Bach Mov 3 v2_[HR, C, LT, T]_[2,10,627]_[2,13,502] [2021-09-25 005635].wav"
27,BACH MOV 3,1.7968934240362813,66.502,68.299,"T,T,BACH,TONE,LT,HR,UL",2021-09-25,"Bach Mov 3 v2_[HR, T, LT]_[1,6,502]_[1,8,299] [2021-09-25 005634].wav"
28,BACH MOV 3,1.7500226757369615,29.877,31.627,"T,T,BACH,TONE,LT,UL,HR",2021-09-25,"Bach Mov 3 v2_[LT, HR, T]_[0,29,877[_[0,31,627] [2021-09-25 005633].wav"
29,BACH MOV 3,1.6875283446712017,108.877,110.565,"LR,T,T,BACH,TONE,LT,UL",2021-09-25,"Bach Mov 3 v2_[LT, LR, T]_[1,48,877]_[1,50,565] [2021-09-25 005635].wav"
30,BACH MOV 3,1.8750340136054422,176.596,178.471,"LR,T,T,BACH,TONE,LT,UL",2021-09-25,"Bach Mov 3 v2_[LT, LR, T]_[2,56,596]_[2,58,471] [2021-09-25 005636].wav"
31,BACH MOV 3,1.5429931972789115,107.241,108.784,"T,T,BACH,TONE,LT,UL,HR",2021-09-25,"Bach Mov 3 v2_[LT, T, HR]_[1,47,241]_[1,48,784] [2021-09-25 005635].wav"
32,BACH MOV 3,2.6562585034013604,167.909,170.565,"T,TONE,4L,E,MR,T,BACH,FL,M,UL",2021-09-25,"Bach Mov 3 v2_[MR, T, FL, 4L, E, M]_[2,47,909]_[2,50,565] [2021-09-25 005636].wav"
33,BACH MOV 3,1.0468934240362813,148.221,149.268,"T,TRL,TONE,MR,T,BACH,UL,2L",2021-09-25,"Bach Mov 3 v2_[MR, T, TRL, 2L]_[2,28,221]_[2,29,268] [2021-09-25 005636].wav"
34,BACH MOV 3,1.7031519274376417,209.049,210.752,"T,TONE,BACH,MR,FL,UL,2L",2021-09-25,"Bach Mov 3 v2_[T, FL, 2L, MR]_[3,29,49]_[3,30,752] [2021-09-25 005636].wav"
35,BACH MOV 3,5.0429931972789115,96.928,101.971,"T,TONE,4L,BACH,MR,FL,UL",2021-09-25,"Bach Mov 3 v2_[T, FL, 4L, MR]_[1,36,928]_[1,41,971] [2021-09-25 005634].wav"
36,BACH MOV 3,3.015646258503401,228.862,231.877,"T,LR,BACH,TONE,LT,UL",2021-09-25,"Bach Mov 3 v2_[T, LT, LR]_[3,48,862]_[3,51,877] [2021-09-25 005637].wav"
37,BACH MOV 3,5.125034013605442,10.877,16.002,"T,MIX,UL,TONE,C,BACH,M,UL",2021-09-25,"Bach Mov 3 v2_[T, UL, C, M, MIX]_[0,10,877]_[0,16,2] [2021-09-25 005632].wav"
38,BACH MOV 3,2.632857142857143,54.127,56.76,"T,TONE,T,BACH,MR,M,UL",2021-09-25,"Bach Mov 3 v2_[UL, M, T, MR]_[0,54,127]_[0,56,760] [2021-09-25 005634].wav"
39,BACH MOV 3,5.000022675736961,36.877,41.877,"T,TONE,C,V,T,BACH,MR,M,UL",2021-09-25,"Bach Mov 3 v2_[UL, T, M, MR, C, V]_[0,36,877]_[0,41,877] [2021-09-25 005633].wav"
40,BACH MOV 4,1.3984580498866213,106.055,107.453,"T,TONE,R,T,BACH,MR,FL,UL,2L",2021-09-25,"Bach Mov 4 v2_[2L, MR, T, R, FL]_[1,46,55]_[1,47,453] [2021-09-25 010429].wav"
41,BACH MOV 4,1.9140816326530612,107.555,109.469,"T,MIX,TONE,T,4L,BACH,FL,UL",2021-09-25,"Bach Mov 4 v2_[4L, MIX, T, FL]_[1,47,555]_[1,49,469] [2021-09-25 010429].wav"
42,BACH MOV 4,3.1132879818594104,8.59,11.703,"T,TONE,FD,T,4L,BACH,MR,UL,R",2021-09-25,"Bach Mov 4 v2_[4L, T, R, FD, MR]_[0,8,590]_[0,11,703] [2021-09-25 010427].wav"
43,BACH MOV 4,2.609387755102041,46.266,48.875,"T,TONE,4L,T,BACH,FD,MR,UL,R",2021-09-25,"Bach Mov 4 v2_[FD, R, T, 4L, MR]_[0,46,266]_[0,48,875] [2021-09-25 010427].wav"
44,BACH MOV 4,2.6640816326530614,31.0,33.665,"T,MIX,TONE,T,BACH,FD,FL,UL",2021-09-25,"Bach Mov 4 v2_[FD, T, FL, MIX]_[0,31,0]_[0,33,665] [2021-09-25 010427].wav"
45,BACH MOV 4,1.562517006802721,73.266,74.828,"T,TONE,T,FL,BACH,MR,UL,2L",2021-09-25,"Bach Mov 4 v2_[FL, MR, T, 2L]_[1,13,266]_[1,14,828] [2021-09-25 010428].wav"
46,BACH MOV 4,1.1590022675736962,125.297,126.546,"T,T,BACH,TONE,LT,LR,UL",2021-09-25,"Bach Mov 4 v2_[LR, LT, T]_[2,5,297]_[2,6,546] [2021-09-25 010429].wav"
47,BACH MOV 4,4.0429931972789115,16.02,20.062,"T,TONE,FD,R,T,3L,BACH,UL,HR",2021-09-25,"Bach Mov 4 v2_[R, FD, HR, T, 3L]_[0,16,20]_[0,20,62] [2021-09-25 010427].wav"
48,BACH MOV 4,0.5390702947845805,97.75,98.289,"LR,T,TONE,R,1L,T,BACH,UL",2021-09-25,"Bach Mov 4 v2_[R, T, LR, 1L]_[1,37,750]_[1,38,289] [2021-09-25 010429].wav"
49,BACH MOV 4,0.41018140589569163,65.859,66.27,"T,T,ST,BACH,TONE,UL,HR",2021-09-25,"Bach Mov 4 v2_[ST, HR, T]_[1,5,859]_[1,6,270] [2021-09-25 010428].wav"
50,BACH MOV 4,2.0,55.0,57.0,"T,MIX,TONE,B,3L,BACH,UL",2021-09-25,"Bach Mov 4 v2_[T, 3L, MIX, B]_[0,55,0]_[0,57,0] [2021-09-25 010428].wav"
51,BACH MOV 4,1.4843990929705215,123.609,125.094,"T,TONE,4L,BACH,UL,HR,R",2021-09-25,"Bach Mov 4 v2_[T, HR, 4L, R]_[2,3,609]_[2,5,94] [2021-09-25 010429].wav"
52,BACH MOV 4,0.7421995464852608,62.0,62.742,"T,LR,TONE,1L,BACH,UL,R",2021-09-25,"Bach Mov 4 v2_[T, LR, R, 1L]_[1,2,0]_[1,2,742] [2021-09-25 010428].wav"
53,BACH MOV 5,0.6250340136054422,478.719,479.344,"T,MIX,TONE,T,BACH,1L,UL,R",2021-09-26,"Bach Mov 5 v2_[1L, T, R, MIX]_[7,58,719]_[7,59,344] [2021-09-26 124550].wav"
54,BACH MOV 5,1.2969160997732427,446.719,448.016,"T,TONE,FD,T,BACH,MR,UL,2L",2021-09-26,"Bach Mov 5 v2_[2L, FD, T, MR]_[7,26,719]_[7,28,16] [2021-09-26 124550].wav"
55,BACH MOV 5,1.5000226757369615,93.813,95.313,"LR,T,T,BACH,TONE,UL,2L",2021-09-26,"Bach Mov 5 v2_[2L, LR, T]_[1,33,813]_[1,35,313] [2021-09-26 124545].wav"
56,BACH MOV 5,1.5,98.5,100.0,"LR,T,T,BACH,TONE,UL,2L",2021-09-26,"Bach Mov 5 v2_[2L, LR, T]_[1,38,500]_[1,40,0] [2021-09-26 124545].wav"
57,BACH MOV 5,1.1562585034013606,376.312,377.469,"T,MIX,T,BACH,TONE,UL,2L",2021-09-26,"Bach Mov 5 v2_[2L, T, MIX]_[6,16,312]_[6,17,469] [2021-09-26 124548].wav"
58,BACH MOV 5,2.933628117913832,650.379,653.312,"T,MIX,TONE,T,3L,BACH,FL,UL",2021-09-26,"Bach Mov 5 v2_[3L, MIX, FL, T]_[10,50,379]_[10,53,312] [2021-09-26 124553].wav"
59,BACH MOV 5,1.2500226757369615,292.719,293.969,"T,MIX,TONE,C,T,3L,BACH,UL",2021-09-26,"Bach Mov 5 v2_[3L, MIX, T, C]_[4,52,719]_[4,53,969] [2021-09-26 124547].wav"
60,BACH MOV 5,1.312517006802721,274.687,276.0,"T,MIX,TONE,C,T,3L,BACH,FL,UL",2021-09-26,"Bach Mov 5 v2_[3L, MIX, T, FL, C]_[4,34,687]_[4,36,0] [2021-09-26 124547].wav"
61,BACH MOV 5,1.3437641723356009,564.0,565.344,"T,TONE,T,3L,BACH,MR,FL,UL",2021-09-26,"Bach Mov 5 v2_[3L, T, FL, MR]_[9,24,0]_[9,25,344] [2021-09-26 124552].wav"
62,BACH MOV 5,1.6875056689342403,622.5,624.187,"T,TONE,T,3L,BACH,MR,M,UL",2021-09-26,"Bach Mov 5 v2_[3L, T, M, MR]_[10,22,500]_[10,24,187] [2021-09-26 124552].wav"
63,BACH MOV 5,2.296893424036281,624.937,627.234,"LR,T,TONE,T,4L,BACH,M,UL",2021-09-26,"Bach Mov 5 v2_[4L, M, LR, T]_[10,24,937]_[10,27,234] [2021-09-26 124552].wav"
64,BACH MOV 5,4.203151927437641,693.469,697.672,"T,TONE,T,4L,BACH,MR,FL,M,UL",2021-09-26,"Bach Mov 5 v2_[4L, T, FL, MR, M]_[11,33,469]_[11,37,672] [2021-09-26 124553].wav"
65,BACH MOV 5,5.250022675736961,269.375,274.625,"T,MIX,TONE,C,T,BACH,FL,UL,6L",2021-09-26,"Bach Mov 5 v2_[6L, T, FL, C, MIX]_[4,29,375]_[4,34,625] [2021-09-26 124547].wav"
66,BACH MOV 5,1.7070521541950114,14.422,16.129,"T,MIX,C,TONE,T,BACH,UL,2L",2021-09-26,"Bach Mov 5 v2_[C, 2L, T, MIX]_[0,14,422]_[0,16,129] [2021-09-26 124542].wav"
67,BACH MOV 5,1.773469387755102,22.906,24.68,"LR,T,C,TONE,BACH,LT,UL,2L",2021-09-26,"Bach Mov 5 v2_[C, LT, LR, 2L]_[0,22,906]_[0,24,680] [2021-09-26 124543].wav"
68,BACH MOV 5,1.023469387755102,18.469,19.492,"T,MIX,T,C,BACH,TONE,UL",2021-09-26,"Bach Mov 5 v2_[C, MIX, T]_[0,18,469]_[0,19,492] [2021-09-26 124543].wav"
69,BACH MOV 5,1.2187528344671201,377.5,378.719,"T,MIX,T,C,BACH,TONE,UL",2021-09-26,"Bach Mov 5 v2_[C, MIX, T]_[6,17,500]_[6,18,719] [2021-09-26 124549].wav"
70,BACH MOV 5,2.843764172335601,542.031,544.875,"T,C,TONE,T,3L,BACH,MR,FL,UL",2021-09-26,"Bach Mov 5 v2_[C, MR, T, FL, 3L]_[9,2,31]_[9,4,875] [2021-09-26 124551].wav"
71,BACH MOV 5,0.7812698412698412,61.047,61.828,"T,T,BACH,C,TONE,UL,ST",2021-09-26,"Bach Mov 5 v2_[C, ST, T]_[1,1,47]_[1,1,828] [2021-09-26 124544].wav"
72,BACH MOV 5,1.0,62.5,63.5,"T,T,BACH,C,TONE,UL,ST",2021-09-26,"Bach Mov 5 v2_[C, ST, T]_[1,2,500]_[1,3,500] [2021-09-26 124544].wav"
73,BACH MOV 5,3.343764172335601,27.094,40.438,"T,UL,TONE,T,FL,BACH,UL,HR",2021-09-26,"Bach Mov 5 v2_[FL, HR, T, UL]_[0,27,94]_[0,40,438] [2021-09-26 124543].wav"
74,BACH MOV 5,1.6093877551020408,148.391,150.0,"T,TONE,4L,T,FL,BACH,MR,UL",2021-09-26,"Bach Mov 5 v2_[FL, MR, 4L, T]_[2,28,391]_[2,30,0] [2021-09-26 124545].wav"
75,BACH MOV 5,1.7500226757369615,163.562,165.312,"T,MIX,TONE,T,FL,BACH,UL,2L",2021-09-26,"Bach Mov 5 v2_[FL, T, MIX, 2L]_[2,43,562]_[2,45,312] [2021-09-26 124545].wav"
76,BACH MOV 5,1.7500226757369615,347.625,349.375,"T,TONE,HR,T,BACH,FL,UL,2L",2021-09-26,"Bach Mov 5 v2_[HR, T, 2L, FL]_[5,47, 625]_[5,49,375] [2021-09-26 124548].wav"
77,BACH MOV 5,2.0429931972789115,416.125,416.168,"T,TONE,T,BACH,FL,LR,UL,2L",2021-09-26,"Bach Mov 5 v2_[LR, 2L, FL, T]_[6,56,125]_[6,56,168] [2021-09-26 124550].wav"
78,BACH MOV 5,1.328140589569161,16.5,17.828,"T,T,BACH,TONE,MR,LT,UL",2021-09-26,"Bach Mov 5 v2_[LT, MR, T]_[0,16,500]_[0,17,828] [2021-09-26 124542].wav"
79,BACH MOV 5,0.9570521541950113,518.094,519.051,"T,TONE,LT,B,T,BACH,UL,HR",2021-09-26,"Bach Mov 5 v2_[LT, T, HR, B]_[8,38,94]_[8,39,51] [2021-09-26 124551].wav"
80,BACH MOV 5,1.4375056689342403,346.062,347.5,"T,LR,T,BACH,TONE,LT,UL",2021-09-26,"Bach Mov 5 v2_[LT, T, LR]_[5,46,62]_[5,47,500] [2021-09-26 124548].wav"
81,BACH MOV 5,1.75,614.5,616.25,"T,T,BACH,TONE,MR,LT,UL",2021-09-26,"Bach Mov 5 v2_[LT, T, MR]_[10,14,500]_[10,16,250] [2021-09-26 124552].wav"
82,BACH MOV 5,3.5,392.0,395.5,"T,T,BACH,TONE,MR,LT,UL",2021-09-26,"Bach Mov 5 v2_[LT, T, MR]_[6,32,0]_[6,35,500] [2021-09-26 124549].wav"
83,BACH MOV 5,1.6484580498866213,524.836,526.484,"T,TONE,E,MR,T,BACH,FL,UL",2021-09-26,"Bach Mov 5 v2_[MR, T, FL, E]_[8,44,836]_[8,46,484] [2021-09-26 124551].wav"
84,BACH MOV 5,0.37501133786848073,29.25,29.625,"T,BACH,P,TONE,UL,HR,ST",2021-09-26,"Bach Mov 5 v2_[P, ST, HR]_[0,29,250]_[0,29,625] [2021-09-26 124543].wav"
85,BACH MOV 5,2.3750113378684805,185.625,188.0,"T,MIX,TONE,R,T,3L,BACH,UL",2021-09-26,"Bach Mov 5 v2_[R, 3L, T, MIX]_[3,5,625]_[3,8,0] [2021-09-26 124546].wav"
86,BACH MOV 5,1.3750340136054422,203.437,204.812,"T,MIX,TONE,R,T,BACH,FL,UL,2L",2021-09-26,"Bach Mov 5 v2_[R, T, MIX, FL, 2L]_[3,23,437]_[3,24,812] [2021-09-26 124546].wav"
87,BACH MOV 5,2.062517006802721,395.5,397.562,"LR,T,TONE,E,T,BACH,S,M,UL",2021-09-26,"Bach Mov 5 v2_[S, LR, T, M, E]_[6,35,500]_[6,37,562] [2021-09-26 124549].wav"
88,BACH MOV 5,4.0,616.25,620.25,"LR,T,TONE,C,3L,S,BACH,LT,M,UL",2021-09-26,"Bach Mov 5 v2_[S, LT, 3L, C, LR, M]_[10,16,250]_[10,20,250] [2021-09-26 124552].wav"
89,BACH MOV 5,1.5,265.25,266.75,"T,MIX,TONE,C,T,BACH,S,FL,UL,2L",2021-09-26,"Bach Mov 5 v2_[S, MIX, FL, C, T, 2L]_[4,25,250]_[4,26,750] [2021-09-26 124547].wav"
90,BACH MOV 5,1.578140589569161,172.094,173.672,"T,TONE,BACH,MR,FL,UL,2L",2021-09-26,"Bach Mov 5 v2_[T, 2L, FL, MR]_[2,52,94]_[2,53,672] [2021-09-26 124546].wav"
91,BACH MOV 5,1.6875283446712017,76.625,78.313,"T,BACH,TONE,MR,UL,2L",2021-09-26,"Bach Mov 5 v2_[T, 2L, MR]_[1,16,625]_[1,18,313] [2021-09-26 124544].wav"
92,BACH MOV 5,2.113310657596372,434.465,436.578,"T,MIX,TONE,4L,BACH,FL,UL",2021-09-26,"Bach Mov 5 v2_[T, 4L, MIX, FL]_[7,14,465]_[7,16,578] [2021-09-26 124550].wav"
93,BACH MOV 5,1.3535374149659865,514.357,515.711,"T,TONE,B,R,BACH,UL,HR,2L",2021-09-26,"Bach Mov 5 v2_[T, R, HR, B, 2L]_[8,34,357]_[8,35,711] [2021-09-26 124551].wav"
94,BACH MOV 5,1.9062585034013606,388.312,390.219,"T,TONE,T,BACH,TRL,MR,UL,2L",2021-09-26,"Bach Mov 5 v2_[TRL, MR, T, 2L]_[6,28,312]_[6,30,219] [2021-09-26 124549].wav"
95,BACH MOV 5,0.8593877551020408,67.625,68.484,"T,TONE,T,BACH,TRL,MR,LT,UL",2021-09-26,"Bach Mov 5 v2_[TRL, MR, T, LT]_[1,7,625]_[1,8,484] [2021-09-26 124544].wav"
96,BACH MOV 5,3.9375283446712017,630.937,634.875,"T,TONE,T,BACH,MR,M,UL",2021-09-26,"Bach Mov 5 v2_[UL, MR, M, T]_[10,30,937]_[10,34,875] [2021-09-26 124553].wav"
97,BACH MOV 5,2.078140589569161,242.359,244.437,"T,TONE,BACH,FL,UL,S,HR",2021-09-26,"Bach Mov 5 v2_[UL, S, HR, FL]_[4,2,359]_[4,4,437] [2021-09-26 124546].wav"
98,BACH MOV 5,2.7812698412698413,71.0,73.781,"T,TONE,T,BACH,M,UL,HR",2021-09-26,"Bach Mov 5 v2_[UL, T, HR, M]_[1,11,0]_[1,13,781] [2021-09-26 124544].wav"
99,BACH MOV 5,0.8750113378684807,207.125,207.125,"LR,T,TONE,T,BACH,UL,R",2021-09-26,"Bach Mov 5 v2_[UL, T, LR, R]_[3,27,125]_[3,27,125] [2021-09-26 124546].wav"
100,BACH MOV 5,2.1250113378684805,728.125,730.25,"T,MIX,TONE,B,T,BACH,UL",2021-09-26,"Bach Mov 5 v2_[UL, T, MIX, B]_[12,8,125]_[12,10,250] [2021-09-26 124553].wav"
101,BARTOK MOV 1,3.1015873015873017,80.023,83.125,"T,BARTOK,UL,TONE,D,P,UL,HR",2021-10-05,"BARTOK MOV 1 v2_[ D, HR, UL, P]_[1,20,23]_[1,23,125] [2021-10-05 204446].wav"
102,BARTOK MOV 1,0.5000226757369615,234.344,234.844,"T,BARTOK,TONE,B,1L,UL,HR,R",2021-10-05,"BARTOK MOV 1 v2_[1L, HR, R, B]_[3,54,344]_[3,54,844] [2021-10-05 204452].wav"
103,BARTOK MOV 1,1.0937641723356009,368.281,369.375,"T,BARTOK,TONE,D,R,UL,HR,2L",2021-10-05,"BARTOK MOV 1 v2_[2L, D, HR, R]_[6,8,281]_[6,9,375] [2021-10-05 204500].wav"
104,BARTOK MOV 1,1.7343990929705215,393.078,394.812,"LR,T,BARTOK,TONE,D,M,UL,2L",2021-10-05,"BARTOK MOV 1 v2_[2L, D, M, LR]_[6,33,78]_[6,34,812] [2021-10-05 204501].wav"
105,BARTOK MOV 1,1.007845804988662,299.437,300.445,"T,BARTOK,TONE,B,R,UL,HR,2L",2021-10-05,"BARTOK MOV 1 v2_[2L, HR, B, R]_[4,59,437]_[5,0,445] [2021-10-05 204456].wav"
106,BARTOK MOV 1,1.2187755102040816,259.125,260.344,"LR,T,BARTOK,TONE,R,T,UL,2L",2021-10-05,"BARTOK MOV 1 v2_[2L, R, LR, T]_[4,19,125]_[4,20,344] [2021-10-05 204454].wav"
107,BARTOK MOV 1,1.0000226757369615,61.063,62.063,"T,MIX,T,BARTOK,TONE,UL,2L",2021-10-05,"BARTOK MOV 1 v2_[2L, T, MIX]_[1,1,63]_[1,2,63] [2021-10-05 204444].wav"
108,BARTOK MOV 1,1.2968934240362813,354.391,355.687,"T,MIX,BARTOK,TONE,C,3L,UL,R",2021-10-05,"BARTOK MOV 1 v2_[3L, C, R, MIX]_[5,54,391]_[5,55,687] [2021-10-05 204500].wav"
109,BARTOK MOV 1,1.9375056689342403,409.25,411.187,"T,BARTOK,TONE,T,3L,UL,S,HR",2021-10-05,"BARTOK MOV 1 v2_[3L, HR, S, T]_[6,49,250]_[6,51,187] [2021-10-05 204502].wav"
110,BARTOK MOV 1,1.6406575963718821,519.125,520.766,"T,MIX,BARTOK,TONE,3L,UL,R",2021-10-05,"BARTOK MOV 1 v2_[3L, MIX, R,T]_[8,39,125]_[8,40,766] [2021-10-05 204503].wav"
111,BARTOK MOV 1,1.8750113378684807,130.0,131.875,"T,MIX,BARTOK,TONE,T,3L,UL,R",2021-10-05,"BARTOK MOV 1 v2_[3L, T, R, MIX]_[2,10,0]_[2,11,875] [2021-10-05 204447].wav"
112,BARTOK MOV 1,2.0859410430839,326.133,328.219,"T,MIX,BARTOK,TONE,D,4L,UL,R",2021-10-05,"BARTOK MOV 1 v2_[4L,  R, D, MIX]_[5,26,133]_[5,28,219] [2021-10-05 204457].wav"
113,BARTOK MOV 1,2.4648526077097506,251.723,254.187,"T,BARTOK,TONE,D,B,4L,UL,HR",2021-10-05,"BARTOK MOV 1 v2_[4L, D, HR, B]_[4,11,723]_[4,14,187] [2021-10-05 204453].wav"
114,BARTOK MOV 1,1.4765986394557824,329.055,330.531,"T,BARTOK,TONE,D,4L,MR,UL,R",2021-10-05,"BARTOK MOV 1 v2_[4L, D, R, MR]_[5,29,55]_[5,30,531] [2021-10-05 204458].wav"
115,BARTOK MOV 1,1.812517006802721,335.25,337.062,"T,MIX,BARTOK,TONE,D,4L,FL,UL,R",2021-10-05,"BARTOK MOV 1 v2_[4L, FL, D, MIX, R]_[5,35,250]_[5,37,62] [2021-10-05 204458].wav"
116,BARTOK MOV 1,3.1718820861678005,246.828,250.0,"T,BARTOK,TONE,D,4L,FL,UL,HR",2021-10-05,"BARTOK MOV 1 v2_[4L, HR, FL, D]_[4,6,828]_[4,10,0] [2021-10-05 204453].wav"
117,BARTOK MOV 1,1.8750340136054422,40.719,42.594,"T,T,4L,BARTOK,TONE,UL,HR",2021-10-05,"BARTOK MOV 1 v2_[4L, HR, T]_[0,40,719]_[0,42,594] [2021-10-05 204443].wav"
118,BARTOK MOV 1,1.7031292517006802,344.297,346.0,"T,MIX,BARTOK,TONE,FD,T,4L,UL,R",2021-10-05,"BARTOK MOV 1 v2_[4L, MIX, R, T, FD]_[5,44,297]_[5,46,0] [2021-10-05 204459].wav"
119,BARTOK MOV 1,2.5859637188208615,341.656,344.242,"T,MIX,BARTOK,TONE,E,T,4L,UL",2021-10-05,"BARTOK MOV 1 v2_[4L, MIX, T, E]_[5,41,656]_[5,44,242] [2021-10-05 204459].wav"
120,BARTOK MOV 1,1.726575963718821,109.477,111.203,"LR,T,BARTOK,TONE,D,4L,UL,R",2021-10-05,"BARTOK MOV 1 v2_[4L, R, LR, D]_[1,49,477]_[1,51,203] [2021-10-05 204447].wav"
121,BARTOK MOV 1,2.2500226757369615,213.125,215.375,"T,MIX,BARTOK,TONE,E,T,4L,FL,UL",2021-10-05,"BARTOK MOV 1 v2_[4L, T, FL, E, MIX]_[3,33,125]_[3,35,375] [2021-10-05 204451].wav"
122,BARTOK MOV 1,1.7812698412698413,204.0,205.781,"LR,T,BARTOK,TONE,T,4L,FL,UL",2021-10-05,"BARTOK MOV 1 v2_[4L, T, FL, LR]_[3,24,0]_[3,25,781] [2021-10-05 204450].wav"
123,BARTOK MOV 1,2.6406349206349207,235.75,238.391,"T,MIX,BARTOK,UL,TONE,T,B,FL,UL",2021-10-05,"BARTOK MOV 1 v2_[B, FL, T, UL, MIX]_[3,55,750]_[3,58,391] [2021-10-05 204453].wav"
124,BARTOK MOV 1,0.828140589569161,509.297,510.125,"T,MIX,T,C,TONE,BARTOK,UL",2021-10-05,"BARTOK MOV 1 v2_[C, MIX, T]_[8,29,297]_[8,30,125] [2021-10-05 204441].wav"
125,BARTOK MOV 1,2.9843764172335603,44.516,47.5,"T,MR,UL,BARTOK,TONE,5L,D",2021-10-05,"BARTOK MOV 1 v2_[D, 5L,  MR]_[0,44,516]_[0,47,500] [2021-10-05 204444].wav"
126,BARTOK MOV 1,2.269546485260771,306.934,309.203,"T,BARTOK,UL,TONE,D,MR,UL,R",2021-10-05,"BARTOK MOV 1 v2_[D, UL, R, MR]_[5,6,934]_[5,9,203] [2021-10-05 204456].wav"
127,BARTOK MOV 1,0.8711111111111111,73.051,73.922,"T,BARTOK,TONE,T,E,UL,HR,2L",2021-10-05,"BARTOK MOV 1 v2_[E, HR, T, 2L]_[1,13,51]_[1,13,922] [2021-10-05 204445].wav"
128,BARTOK MOV 1,0.8750113378684807,503.0,503.875,"T,BARTOK,TONE,T,E,S,MR,UL",2021-10-05,"BARTOK MOV 1 v2_[E, MR, T,S]_[8,23,0]_[8,23,875] [2021-10-05 204440].wav"
129,BARTOK MOV 1,1.5156462585034014,150.0,151.516,"LR,T,BARTOK,TONE,T,FL,UL,2L",2021-10-05,"BARTOK MOV 1 v2_[FL, LR, T, 2L]_[2,30,0]_[2,31,516] [2021-10-05 204448].wav"
130,BARTOK MOV 1,1.774920634920635,261.937,263.712,"T,BARTOK,TONE,HR,4L,E,T,FL,UL,R",2021-10-05,"BARTOK MOV 1 v2_[HR, 4L, E, R, T, FL]_[4,21,937]_[4,23,712] [2021-10-05 204454].wav"
131,BARTOK MOV 1,2.7187755102040816,270.906,273.625,"T,BARTOK,TONE,HR,4L,E,T,UL,S",2021-10-05,"BARTOK MOV 1 v2_[HR, E, T, 4L, S]_[4,30,906]_[4,33,625] [2021-10-05 204455].wav"
132,BARTOK MOV 1,2.3359637188208615,355.727,358.062,"T,BARTOK,TONE,HR,4L,B,FL,UL",2021-10-05,"BARTOK MOV 1 v2_[HR, FL, 4L, B]_[5,55,727]_[5,58,62] [2021-10-05 204500].wav"
133,BARTOK MOV 1,1.562517006802721,260.375,261.937,"T,BARTOK,TONE,HR,B,E,T,FL,UL,S,2L",2021-10-05,"BARTOK MOV 1 v2_[HR, FL, T, S, 2L, E, B]_[4,20,375]_[4,21,937] [2021-10-05 204454].wav"
134,BARTOK MOV 1,1.6875056689342403,317.75,319.437,"T,BARTOK,TONE,HR,4L,D,UL,R",2021-10-05,"BARTOK MOV 1 v2_[HR, R, 4L,D]_[5,17,750]_[5,19,437] [2021-10-05 204457].wav"
135,BARTOK MOV 1,0.7812698412698412,186.344,187.125,"T,BARTOK,TONE,HR,D,UL,ST",2021-10-05,"BARTOK MOV 1 v2_[HR, ST, D]_[3,6,344]_[3,7,125] [2021-10-05 204449].wav"
136,BARTOK MOV 1,1.0,69.0,70.0,"T,T,BARTOK,TONE,HR,UL,2L",2021-10-05,"BARTOK MOV 1 v2_[HR, T, 2L]_[1,9,0]_[1,10,0] [2021-10-05 204445].wav"
137,BARTOK MOV 1,2.136734693877551,267.375,269.512,"T,BARTOK,TONE,4L,T,FL,LR,UL,R",2021-10-05,"BARTOK MOV 1 v2_[LR, FL, 4L, R, T]_[4,27,375]_[4,29,512] [2021-10-05 204455].wav"
138,BARTOK MOV 1,0.7187755102040816,62.219,62.938,"T,BARTOK,TONE,LT,UL,HR,D",2021-10-05,"BARTOK MOV 1 v2_[LT, HR, D]_[1,2,219]_[1,2,938] [2021-10-05 204444].wav"
139,BARTOK MOV 1,1.8476870748299319,399.777,401.625,"LR,T,BARTOK,TONE,LT,UL,2L",2021-10-05,"BARTOK MOV 1 v2_[LT, LR, 2L]_[6,39,777]_[6,41,625] [2021-10-05 204501].wav"
140,BARTOK MOV 1,1.945328798185941,25.5,27.445,"T,T,BARTOK,TONE,MR,LT,UL",2021-10-05,"BARTOK MOV 1 v2_[LT, MR, T]_[0,25,500]_[0,27,445] [2021-10-05 204443].wav"
141,BARTOK MOV 1,1.906281179138322,179.219,181.125,"T,BARTOK,TONE,MIX,D,4L,FL,UL",2021-10-05,"BARTOK MOV 1 v2_[MIX, D, 4L, FL]_[2,59,219]_[3,1,125] [2021-10-05 204449].wav"
142,BARTOK MOV 1,0.5000226757369615,187.187,187.687,"T,MIX,BARTOK,P,TONE,C,UL",2021-10-05,"BARTOK MOV 1 v2_[P, C, MIX]_[3,7,187]_[3,7,687] [2021-10-05 204450].wav"
143,BARTOK MOV 1,0.5312698412698412,188.469,189.0,"T,MIX,BARTOK,P,TONE,C,UL",2021-10-05,"BARTOK MOV 1 v2_[P, C, MIX]_[3,8,469]_[3,9,0] [2021-10-05 204450].wav"
144,BARTOK MOV 1,0.5000226757369615,209.031,209.531,"LR,T,BARTOK,TONE,T,P,UL,S",2021-10-05,"BARTOK MOV 1 v2_[P, LR, T, S]_[3,29,31]_[3,29,531] [2021-10-05 204451].wav"
145,BARTOK MOV 1,0.32424036281179136,543.176,543.5,"T,BARTOK,P,TONE,MR,UL,ST",2021-10-05,"BARTOK MOV 1 v2_[P, ST, MR]_[9,3,176]_[9,3,500] [2021-10-05 204442].wav"
146,BARTOK MOV 1,0.8984580498866214,544.57,545.469,"T,BARTOK,P,TONE,MR,UL,ST",2021-10-05,"BARTOK MOV 1 v2_[P, ST, MR]_[9,4,570]_[9,5,469] [2021-10-05 204441].wav"
147,BARTOK MOV 1,0.6093877551020408,546.141,546.75,"T,BARTOK,P,TONE,MR,UL,ST",2021-10-05,"BARTOK MOV 1 v2_[P, ST, MR]_[9,6,141]_[9,6,750] [2021-10-05 204441].wav"
148,BARTOK MOV 1,0.2890929705215419,85.117,85.406,"T,LR,T,P,TONE,BARTOK,UL",2021-10-05,"BARTOK MOV 1 v2_[P, T, LR]_[1,25,117]_[1,25,406] [2021-10-05 204446].wav"
149,BARTOK MOV 1,1.695328798185941,371.711,373.406,"T,BARTOK,TONE,4L,B,R,UL,HR",2021-10-05,"BARTOK MOV 1 v2_[R, HR, 4L, B]_[6,11,711]_[6,13,406] [2021-10-05 204501].wav"
150,BARTOK MOV 1,1.023469387755102,323.484,324.508,"T,BARTOK,TONE,D,R,MR,UL,2L",2021-10-05,"BARTOK MOV 1 v2_[R, MR, D, 2L]_[5,23,484]_[5,24,508] [2021-10-05 204457].wav"
151,BARTOK MOV 1,3.328140589569161,144.172,147.5,"LR,T,BARTOK,UL,TONE,T,S,UL",2021-10-05,"BARTOK MOV 1 v2_[S, T, LR, UL]_[2,24,172]_[2,27,500] [2021-10-05 204448].wav"
152,BARTOK MOV 1,3.0,226.75,229.75,"T,BARTOK,TONE,E,T,S,MR,UL",2021-10-05,"BARTOK MOV 1 v2_[S, T, MR, E]_[3,46,750]_[3,49,750] [2021-10-05 204452].wav"
153,BARTOK MOV 1,2.6250113378684805,469.375,472.0,"T,MIX,BARTOK,UL,TONE,E,S,UL",2021-10-05,"BARTOK MOV 1 v2_[S, UL, MIX, E]_[7,49,375]_[7,52,0] [2021-10-05 204502].wav"
154,BARTOK MOV 1,1.312517006802721,269.562,270.875,"T,BARTOK,ST,TONE,UL,HR",2021-10-05,"BARTOK MOV 1 v2_[ST, HR]_[4,29,562]_[4,30,875] [2021-10-05 204455].wav"
155,BARTOK MOV 1,0.5,495.0,495.5,"T,T,ST,BARTOK,TONE,MR,UL",2021-10-05,"BARTOK MOV 1 v2_[ST, MR, T]_[8,15,0]_[8,15,500] [2021-10-05 204503].wav"
156,BARTOK MOV 1,1.0937641723356009,34.75,35.844,"T,MIX,BARTOK,TONE,E,UL,2L",2021-10-05,"BARTOK MOV 1 v2_[T, 2L, MIX, E]_[0,34,750]_[0,35,844] [2021-10-05 204443].wav"
157,BARTOK MOV 1,2.2734467120181407,76.25,78.523,"T,UL,BARTOK,TONE,MR,4L",2021-10-05,"BARTOK MOV 1 v2_[T, 4L, MR]_[1,16,250]_[1,18,523] [2021-10-05 204445].wav"
158,BARTOK MOV 1,3.0,218.0,221.0,"T,MIX,BARTOK,TONE,E,6L,FL,UL,S",2021-10-05,"BARTOK MOV 1 v2_[T, E, FL, 6L, MIX, S]_[3,38,0]_[3,41,0] [2021-10-05 204452].wav"
159,BARTOK MOV 1,4.062517006802721,135.562,139.625,"T,LR,BARTOK,UL,TONE,UL",2021-10-05,"BARTOK MOV 1 v2_[T, LR, UL]_[2,15,562]_[2,19,625] [2021-10-05 204447].wav"
160,BARTOK MOV 1,2.8750113378684805,503.875,506.75,"T,BARTOK,UL,TONE,TRL,MR,LT,UL,S",2021-10-05,"BARTOK MOV 1 v2_[TRL, S, UL, LT, MR]_[8,23,875]_[8,26,750] [2021-10-05 204655].wav"
161,BARTOK MOV 1,1.9375056689342403,205.781,207.719,"LR,T,BARTOK,UL,TONE,T,TRL,UL",2021-10-05,"BARTOK MOV 1 v2_[TRL, T, LR, UL]_[3,25,781]_[3,27,719] [2021-10-05 204451].wav"
162,BARTOK MOV 1,0.9375056689342404,332.562,333.5,"T,BARTOK,TONE,D,R,MR,UL,2L",2021-10-05,"BARTOK MOV 1 v2_[UL, 2L, R, D, MR]_[5,32,562]_[5,33,500] [2021-10-05 204458].wav"
163,BARTOK MOV 1,2.4062585034013604,523.75,526.156,"T,BARTOK,TONE,B,FL,UL,HR",2021-10-05,"BARTOK MOV 1 v2_[UL, FL, B, HR]_[8,43,750]_[8,46,156] [2021-10-05 204442].wav"
164,BARTOK MOV 1,4.1250113378684805,21.25,25.375,"T,BARTOK,TONE,E,T,UL,HR",2021-10-05,"BARTOK MOV 1 v2_[UL, HR, T, E]_[0,21,250]_[0,25,375] [2021-10-05 204442].wav"
165,BARTOK MOV 1,1.3437641723356009,416.406,417.75,"T,MIX,BARTOK,TONE,D,UL,R",2021-10-05,"BARTOK MOV 1 v2_[UL, MIX, D, R]_[6,56,406]_[6,57,750] [2021-10-05 204502].wav"
166,BARTOK MOV 1,2.259795918367347,86.365,88.625,"T,BARTOK,TONE,D,MR,FL,UL",2021-10-05,"BARTOK MOV 1 v2_[UL, MR, D, FL]_[1,26,365]_[1,28,625] [2021-10-05 204446].wav"
167,BARTOK MOV 1,3.3750113378684805,162.625,166.0,"T,BARTOK,TONE,MR,D,UL",2021-10-05,"BARTOK MOV 1 v2_[UL, MR, D]_[2,42,625]_[2,46,0] [2021-10-05 204448].wav"
168,BARTOK MOV 1,1.828140589569161,294.422,296.25,"T,BARTOK,TONE,D,B,UL,HR,R",2021-10-05,"BARTOK MOV 1 v2_[UL, R, B, HR, D] _[4,54,422]_[4,56,250] [2021-10-05 204456].wav"
169,BARTOK MOV 2,1.4375283446712017,216.079,217.517,"T,MIX,BARTOK,TONE,D,UL,2L",2021-10-05,"BARTOK MOV 2 v2_[2L, D, MIX]_[3,36,79]_[3,37,517] [2021-10-05 202112].wav"
170,BARTOK MOV 2,1.656281179138322,146.829,148.485,"T,MIX,BARTOK,TONE,D,3L,UL,S,R",2021-10-05,"BARTOK MOV 2 v2_[3L, MIX, D, R, S]_[2,26,829]_[2,28,485] [2021-10-05 202109].wav"
171,BARTOK MOV 2,1.7500226757369615,101.954,103.704,"T,MIX,BARTOK,TONE,D,3L,FL,UL,S",2021-10-05,"BARTOK MOV 2 v2_[3L, MIX, FL, D, S]_[1,41,954]_[1,43,704] [2021-10-05 202107].wav"
172,BARTOK MOV 2,3.4140816326530614,89.665,93.079,"T,MIX,BARTOK,TONE,D,3L,UL,R",2021-10-05,"BARTOK MOV 2 v2_[3L, MIX, R, D]_[1,29,665]_[1,33,79] [2021-10-05 202106].wav"
173,BARTOK MOV 2,1.0254195011337868,168.397,169.423,"T,BARTOK,3L,TONE,MR,UL,P",2021-10-05,"BARTOK MOV 2 v2_[3L, P, MR]_[2,48,397]_[2,49,423] [2021-10-05 202110].wav"
174,BARTOK MOV 2,1.9717006802721089,24.498,26.47,"LR,T,BARTOK,TONE,T,3L,UL,R",2021-10-05,"BARTOK MOV 2 v2_[3L, R, LR, T]_[0,24,498]_[0,26,470] [2021-10-05 202103].wav"
175,BARTOK MOV 2,1.6250113378684807,83.704,85.329,"T,MIX,BARTOK,TONE,D,3L,FL,UL,S",2021-10-05,"BARTOK MOV 2 v2_[3L, S, MIX, D, FL]_[1,23,704]_[1,25,329] [2021-10-05 202106].wav"
176,BARTOK MOV 2,1.6640816326530612,203.165,204.829,"T,MIX,BARTOK,TONE,C,D,4L,UL,R",2021-10-05,"BARTOK MOV 2 v2_[4L, C, R, D, MIX]_[3,23,165]_[3,24,829] [2021-10-05 202111].wav"
177,BARTOK MOV 2,2.2500226757369615,113.079,115.329,"T,BARTOK,TONE,D,B,4L,UL,HR,R",2021-10-05,"BARTOK MOV 2 v2_[4L, HR, D, R, B]_[1,53,79]_[1,55,329] [2021-10-05 202107].wav"
178,BARTOK MOV 2,2.2656689342403626,118.329,120.595,"T,MIX,BARTOK,TONE,D,4L,FL,UL",2021-10-05,"BARTOK MOV 2 v2_[4L, MIX, D, FL]_[1,58,329]_[2,0,595] [2021-10-05 202108].wav"
179,BARTOK MOV 2,2.078140589569161,223.126,225.204,"T,MIX,BARTOK,TONE,D,4L,UL,R",2021-10-05,"BARTOK MOV 2 v2_[4L, MIX, D, R]_[3,43,126]_[3,45,204] [2021-10-05 202112].wav"
180,BARTOK MOV 2,2.113310657596372,64.747,66.86,"T,BARTOK,TONE,D,4L,FL,UL,S",2021-10-05,"BARTOK MOV 2 v2_[4L, S, FL, D]_[1,4,747]_[1,6,860] [2021-10-05 202105].wav"
181,BARTOK MOV 2,1.5468934240362813,62.782,64.329,"T,MIX,BARTOK,C,TONE,T,LT,UL",2021-10-05,"BARTOK MOV 2 v2_[C, MIX, LT, T]_[1,2,782]_[1,4,329] [2021-10-05 202105].wav"
182,BARTOK MOV 2,0.6562585034013605,209.392,210.048,"T,MIX,BARTOK,C,TONE,UL,ST",2021-10-05,"BARTOK MOV 2 v2_[C, ST, MIX]_[3,29,392]_[3,30,48] [2021-10-05 202112].wav"
183,BARTOK MOV 2,2.421904761904762,164.688,167.11,"T,MIX,BARTOK,TONE,B,D,P,UL",2021-10-05,"BARTOK MOV 2 v2_[D, B, P, MIX]_[2,44,688]_[2,47,110] [2021-10-05 202109].wav"
184,BARTOK MOV 2,1.5000226757369615,98.829,100.329,"T,BARTOK,TONE,D,3L,FD,MR,UL,S,R",2021-10-05,"BARTOK MOV 2 v2_[FD, R, S, D, 3L, MR]_[1,38,829]_[1,40,329] [2021-10-05 202106].wav"
185,BARTOK MOV 2,2.1875283446712017,60.579,62.767,"T,BARTOK,TONE,4L,B,E,FL,UL,HR",2021-10-05,"BARTOK MOV 2 v2_[FL, 4L, HR, E, B]_[1,0,579]_[1,2,767] [2021-10-05 202104].wav"
186,BARTOK MOV 2,2.1406349206349207,172.392,174.532,"T,BARTOK,TONE,D,4L,E,FL,UL",2021-10-05,"BARTOK MOV 2 v2_[FL, D, E, 4L]_[2,52,392]_[2,54,532] [2021-10-05 202110].wav"
187,BARTOK MOV 2,2.1660544217687074,134.579,136.745,"T,BARTOK,TONE,4L,T,FL,UL,S",2021-10-05,"BARTOK MOV 2 v2_[FL, S, 4L, T, S]_[2,14,579]_[2,16,745] [2021-10-05 202108].wav"
188,BARTOK MOV 2,0.9375283446712018,138.767,139.704,"T,BARTOK,TONE,LT,LR,UL",2021-10-05,"BARTOK MOV 2 v2_[LR, LT]_[2,18,767]_[2,19,704] [2021-10-05 202109].wav"
189,BARTOK MOV 2,0.9375056689342404,133.392,134.329,"T,BARTOK,TONE,LT,E,T,UL,HR",2021-10-05,"BARTOK MOV 2 v2_[LT, HR, T, E]_[2,13,392]_[2,14,329] [2021-10-05 202108].wav"
190,BARTOK MOV 2,1.1250113378684807,170.954,172.079,"T,BARTOK,TONE,MIX,D,4L,P,UL,S",2021-10-05,"BARTOK MOV 2 v2_[MIX, P, D, S, 4L]_[2,50,954]_[2,52,79] [2021-10-05 202110].wav"
191,BARTOK MOV 2,1.1123356009070295,18.342,19.454,"LR,T,BARTOK,UL,TONE,R,T,UL",2021-10-05,"BARTOK MOV 2 v2_[R, LR, T, UL]_[0,18,342]_[0,19,454] [2021-10-05 202103].wav"
192,BARTOK MOV 2,1.9375283446712017,34.579,36.517,"T,MIX,BARTOK,UL,TONE,D,R,UL",2021-10-05,"BARTOK MOV 2 v2_[R, MIX, UL, D]_[0,34,579]_[0,36,517] [2021-10-05 202104].wav"
193,BARTOK MOV 2,1.062517006802721,227.423,228.485,"LR,T,BARTOK,TONE,T,S,UL,R",2021-10-05,"BARTOK MOV 2 v2_[S, R, T, LR]_[3,47,423]_[3,48,485] [2021-10-05 202112].wav"
194,BARTOK MOV 2,1.0000226757369615,231.142,232.142,"T,BARTOK,TONE,T,S,MR,UL,R",2021-10-05,"BARTOK MOV 2 v2_[S, R, T, MR]_[3,51,142]_[3,52,142] [2021-10-05 202113].wav"
195,BARTOK MOV 2,1.4297052154195011,182.954,184.384,"SLD,MIX,T,BARTOK,TONE,MIX,UL",2021-10-05,"BARTOK MOV 2 v2_[SLD, MIX]_[3,2,954]_[3,4,384] [2021-10-05 202111].wav"
196,BARTOK MOV 2,4.250022675736961,266.329,270.579,"SLD,T,BARTOK,UL,TONE,MIX,UL",2021-10-05,"BARTOK MOV 2 v2_[SLD, UL]_[4,26,329]_[4,30,579] [2021-10-05 202113].wav"
197,BARTOK MOV 2,0.48732426303854876,93.092,93.579,"T,BARTOK,ST,TONE,UL,HR",2021-10-05,"BARTOK MOV 2 v2_[ST, HR]_[1,33,92]_[1,33,579] [2021-10-05 202106].wav"
198,BARTOK MOV 2,0.3593877551020408,28.72,29.079,"T,BARTOK,ST,TONE,MR,UL",2021-10-05,"BARTOK MOV 2 v2_[ST, MR]_[0,28,720]_[0,29,79] [2021-10-05 202104].wav"
199,BARTOK MOV 2,1.1406349206349207,193.126,194.267,"T,BARTOK,TONE,D,UL,HR",2021-10-05,"BARTOK MOV 2 v2_[UL, D, HR]_[3,13,126]_[3,14,267] [2021-10-05 202111].wav"
200,BARTOK MOV 2,4.570340136054422,232.665,237.235,"T,MIX,BARTOK,TONE,D,FL,UL,R",2021-10-05,"BARTOK MOV 2 v2_[UL, D, MIX, FL, R]_[3,52,665]_[3,57,235] [2021-10-05 202113].wav"
201,BARTOK MOV 2,1.3476870748299319,110.329,111.677,"T,MIX,BARTOK,TONE,D,FL,UL",2021-10-05,"BARTOK MOV 2 v2_[UL, MIX, D, FL]_[1,50,329]_[1,51,677] [2021-10-05 202107].wav"
202,BARTOK MOV 2,1.6875056689342403,75.142,76.829,"T,MIX,BARTOK,TONE,D,FL,UL",2021-10-05,"BARTOK MOV 2 v2_[UL, MIX, FL, D]_[1,15,142]_[1,16,829] [2021-10-05 202105].wav"
203,BARTOK MOV 2,1.9863492063492063,179.468,181.454,"T,MIX,BARTOK,TONE,D,P,UL",2021-10-05,"BARTOK MOV 2 v2_[UL, P, D, MIX]_[2,59,468]_[3,1,454] [2021-10-05 202110].wav"
204,BARTOK MOV 3,3.562517006802721,183.024,186.586,"T,BARTOK,TONE,T,4L,MR,M,UL,S",2021-10-05,"BARTOK MOV 3 v2_[4L, M, S, T, MR]_[3,3,24]_[3,6,586] [2021-10-05 195930].wav"
205,BARTOK MOV 3,2.906281179138322,396.774,399.68,"T,MIX,BARTOK,TONE,T,4L,UL,S",2021-10-05,"BARTOK MOV 3 v2_[4L, MIX, S, T]_[6,36,774]_[6,39,680] [2021-10-05 195931].wav"
206,BARTOK MOV 3,3.2500226757369615,176.274,179.524,"T,BARTOK,TONE,E,T,4L,MR,M,UL,S",2021-10-05,"BARTOK MOV 3 v2_[4L, S, E, T, M, MR]_[2,56,274]_[2,59,524] [2021-10-05 195930].wav"
207,BARTOK MOV 3,2.7500226757369615,367.774,370.524,"T,BARTOK,TONE,HR,4L,E,MR,UL,S",2021-10-05,"BARTOK MOV 3 v2_[HR, 4L, S, MR, E]_[6,7,774]_[6,10,524] [2021-10-05 195931].wav"
208,BARTOK MOV 3,8.000022675736961,76.274,84.274,"T,BARTOK,UL,TONE,HR,E,T,M,UL,S",2021-10-05,"BARTOK MOV 3 v2_[HR, E, UL, M, S, T]_[1,16,274]_[1,24,274] [2021-10-05 195927].wav"
209,BARTOK MOV 3,13.62501133786848,416.649,430.274,"T,BARTOK,UL,TONE,HR,E,UL,S",2021-10-05,"BARTOK MOV 3 v2_[HR, S, E, UL]_[6,56,649]_[7,10,274] [2021-10-05 195931].wav"
210,BARTOK MOV 3,1.1250340136054422,188.649,189.774,"T,BARTOK,TONE,M,LR,UL,2L",2021-10-05,"BARTOK MOV 3 v2_[LR, M, 2L]_[3,8,649]_[3,9,774] [2021-10-05 195930].wav"
211,BARTOK MOV 3,1.2500226757369615,186.774,188.024,"LR,T,BARTOK,TONE,LT,UL",2021-10-05,"BARTOK MOV 3 v2_[LT, LR]_[3,6,774]_[3,8,24] [2021-10-05 195930].wav"
212,BARTOK MOV 3,3.2187755102040816,172.555,175.774,"T,BARTOK,TONE,MR,LT,UL,S",2021-10-05,"BARTOK MOV 3 v2_[LT, MR, S]_[2,52,555]_[2,55,774] [2021-10-05 195929].wav"
213,BARTOK MOV 3,2.453151927437642,208.821,211.274,"T,UL,BARTOK,TONE,M,D,4L",2021-10-05,"BARTOK MOV 3 v2_[M, D, 4L]_[3,28,821]_[3,31,274] [2021-10-05 195931].wav"
214,BARTOK MOV 3,6.500022675736961,246.024,252.524,"T,BARTOK,UL,TONE,M,T,MR,UL",2021-10-05,"BARTOK MOV 3 v2_[M, MR, T, UL]_[4,6,24]_[4,12,524] [2021-10-05 195931].wav"
215,BARTOK MOV 3,3.9336054421768707,202.024,205.957,"T,BARTOK,TONE,MIX,E,LT,UL,S",2021-10-05,"BARTOK MOV 3 v2_[MIX, LT, E, S]_[3,22,24]_[3,25,957] [2021-10-05 195931].wav"
216,BARTOK MOV 3,1.0996145124716554,218.76,219.86,"T,BARTOK,P,TONE,C,UL",2021-10-05,"BARTOK MOV 3 v2_[P, C]_[3,38,760]_[3,39,860] [2021-10-05 195931].wav"
217,BARTOK MOV 3,0.6601814058956916,205.957,206.618,"T,BARTOK,P,C,TONE,UL",2021-10-05,"BARTOK MOV 3 v2_[P,C,T]_[3,25,957]_[3,26,618] [2021-10-05 195931].wav"
218,BARTOK MOV 3,3.1250113378684805,372.274,375.399,"T,MIX,BARTOK,TONE,4L,E,T,S,UL",2021-10-05,"BARTOK MOV 3 v2_[S, 4L, MIX, E, T]_[6,12,274]_[6,15,399] [2021-10-05 195931].wav"
219,BARTOK MOV 3,2.7812698412698413,224.274,227.055,"LR,T,BARTOK,TRL,TONE,4L,E,S,UL",2021-10-05,"BARTOK MOV 3 v2_[S, E, TRL, LR, 4L]_[3,44,274]_[3,47,55] [2021-10-05 195931].wav"
220,BARTOK MOV 3,2.5000226757369615,345.774,348.274,"T,BARTOK,TONE,4L,E,T,S,UL,HR",2021-10-05,"BARTOK MOV 3 v2_[S, HR, 4L, E, T]_[5,45,774]_[5,48,274] [2021-10-05 195931].wav"
221,BARTOK MOV 3,3.5000226757369615,137.774,141.274,"T,BARTOK,TONE,E,T,S,LT,UL,HR",2021-10-05,"BARTOK MOV 3 v2_[S, LT, HR, T, E]_[2,17,774]_[2,21,274] [2021-10-05 195929].wav"
222,BARTOK MOV 3,6.3750113378684805,32.399,38.774,"LR,T,BARTOK,TONE,E,T,S,M,UL",2021-10-05,"BARTOK MOV 3 v2_[S, M, LR, E, T]_[0,32,399]_[0,38,774] [2021-10-05 195927].wav"
223,BARTOK MOV 3,5.531269841269841,167.024,172.555,"T,BARTOK,UL,TONE,T,S,MR,M,UL",2021-10-05,"BARTOK MOV 3 v2_[S, M, T, MR, UL]_[2,47,24]_[2,52,555] [2021-10-05 195929].wav"
224,BARTOK MOV 3,3.914104308390023,219.86,223.774,"T,T,BARTOK,S,TONE,UL,E",2021-10-05,"BARTOK MOV 3 v2_[S, T, E]_[3,39,860]_[3,43,774] [2021-10-05 195931].wav"
225,BARTOK MOV 3,4.250022675736961,284.774,289.024,"T,MIX,BARTOK,TRL,TONE,E,UL",2021-10-05,"BARTOK MOV 3 v2_[T, E, MIX, TRL] _[4,44,774]_[4,49,24] [2021-10-05 195931].wav"
226,BARTOK MOV 3,3.0000226757369615,122.774,125.774,"T,BARTOK,TONE,4L,E,UL,S,HR",2021-10-05,"BARTOK MOV 3 v2_[T, HR, S, 4L, E]_[2,2,774]_[2,5,774] [2021-10-05 195928].wav"
227,BARTOK MOV 3,2.531292517006803,315.993,318.524,"T,BARTOK,TONE,E,UL,S,HR",2021-10-05,"BARTOK MOV 3 v2_[UL, E, S, HR]_[5,15,993]_[5,18,524] [2021-10-05 195931].wav"
228,BARTOK MOV 3,12.500022675736961,38.774,51.274,"LR,T,BARTOK,TONE,E,T,M,UL,S",2021-10-05,"BARTOK MOV 3 v2_[UL, E, S, M, LR, T]_[0,38,774]_[0,51,274] [2021-10-05 195927].wav"
229,BARTOK MOV 3,2.8750113378684805,129.274,132.149,"T,BARTOK,TONE,E,T,M,UL,S,HR",2021-10-05,"BARTOK MOV 3 v2_[UL, HR, S, E, M, T]_[2,9,274]_[2,12,149] [2021-10-05 195928].wav"
230,BARTOK MOV 3,4.000022675736961,233.274,237.274,"T,MIX,BARTOK,TONE,E,T,UL",2021-10-05,"BARTOK MOV 3 v2_[UL, MIX,  E, T]_[3,53,274]_[3,57,274] [2021-10-05 195931].wav"
231,BARTOK MOV 3,11.500022675736961,352.774,364.274,"T,BARTOK,TONE,D,E,MR,UL",2021-10-05,"BARTOK MOV 3 v2_[UL, MR, E, D]_[5,52,774]_[6,4,274] [2021-10-05 195931].wav"
232,BARTOK MOV 3,3.625034013605442,323.649,327.274,"T,BARTOK,TONE,E,T,UL,S,HR",2021-10-05,"BARTOK MOV 3 v2_[UL, S, T, HR, E]_[5,23,649]_[5,27,274] [2021-10-05 195931].wav"
233,BARTOK MOV 3,2.5,1.274,3.774,"T,UL,BARTOK,TONE,V",2021-10-05,"BARTOK MOV 3 v2_[V]_[0,1,274]_[0,3,774] [2021-10-05 195926].wav"
234,BARTOK MOV 3,0.8437641723356009,206.618,207.461,"T,UL,BARTOK,TONE,V",2021-10-05,"BARTOK MOV 3 v2_[V]_[3,26,618]_[3,27,461] [2021-10-05 195931].wav"
235,BARTOK MOV 4,1.2031519274376417,85.876,87.079,"LR,T,BARTOK,TRL,TONE,UL,2L",2021-10-05,"BARTOK MOV 4 v2_[2L, LR, TRL]_[1,25,876]_[1,27,79] [2021-10-05 171159].wav"
236,BARTOK MOV 4,1.7500226757369615,229.751,231.501,"T,MIX,BARTOK,TONE,D,3L,UL,R",2021-10-05,"BARTOK MOV 4 v2_[3L, D, MIX, R]_[3,49,751]_[3,51,501] [2021-10-05 171203].wav"
237,BARTOK MOV 4,1.6250113378684807,149.126,150.751,"T,BARTOK,3L,TONE,MR,D,UL",2021-10-05,"BARTOK MOV 4 v2_[3L, D, MR]_[2,29,126]_[2,30,751] [2021-10-05 171200].wav"
238,BARTOK MOV 4,1.2656462585034014,55.313,56.579,"LR,T,BARTOK,TONE,D,FD,4L,UL",2021-10-05,"BARTOK MOV 4 v2_[4L, D, LR, FD]_[0,55,313]_[0,56,579] [2021-10-05 171157].wav"
239,BARTOK MOV 4,1.9687755102040816,70.001,71.969,"T,MIX,BARTOK,TONE,FD,4L,UL,R",2021-10-05,"BARTOK MOV 4 v2_[4L, FD, MIX, R,T]_[1,10,1]_[1,11,969] [2021-10-05 171158].wav"
240,BARTOK MOV 4,2.6015873015873017,173.001,175.602,"T,BARTOK,TONE,T,4L,FL,UL,HR",2021-10-05,"BARTOK MOV 4 v2_[4L, FL, T, HR]_[2,53,1]_[2,55,602] [2021-10-05 171202].wav"
241,BARTOK MOV 4,1.8691609977324264,91.219,93.088,"T,BARTOK,TONE,FD,B,T,4L,UL,HR,R",2021-10-05,"BARTOK MOV 4 v2_[4L, HR, T, B, FD, R]_[1,31,219]_[1,33,88] [2021-10-05 171159].wav"
242,BARTOK MOV 4,2.0859637188208615,37.399,39.485,"T,BARTOK,TONE,T,4L,MR,UL,S",2021-10-05,"BARTOK MOV 4 v2_[4L, MR, T, S]_[0,37,399]_[0,39,485] [2021-10-05 171157].wav"
243,BARTOK MOV 4,2.839863945578231,50.879,53.719,"T,MIX,BARTOK,TONE,D,UL,S,6L",2021-10-05,"BARTOK MOV 4 v2_[6L, MIX, D, S]_[0,50,879]_[0,53,719] [2021-10-05 171157].wav"
244,BARTOK MOV 4,3.287120181405896,118.213,121.501,"T,MIX,BARTOK,TONE,P,T,UL,6L",2021-10-05,"BARTOK MOV 4 v2_[6L, MIX, P, T]_[1,58,213]_[2,1,501] [2021-10-05 171200].wav"
245,BARTOK MOV 4,1.5000226757369615,175.751,177.251,"T,MIX,BARTOK,TONE,R,T,E,FD,UL,2L",2021-10-05,"BARTOK MOV 4 v2_[FD, 2L, R, E, MIX, T]_[2,55,751]_[2,57,251] [2021-10-05 171202].wav"
246,BARTOK MOV 4,2.5312698412698413,61.969,64.501,"T,BARTOK,TONE,4L,T,FD,UL,R",2021-10-05,"BARTOK MOV 4 v2_[FD, 4L, R, T]_[1,1,969]_[1,4,501] [2021-10-05 171158].wav"
247,BARTOK MOV 4,1.9375283446712017,205.126,207.063,"T,MIX,BARTOK,UL,TONE,T,FD,UL,R",2021-10-05,"BARTOK MOV 4 v2_[FD, MIX, R, UL, T]_[3,25,126]_[3,27,63] [2021-10-05 171203].wav"
248,BARTOK MOV 4,1.8750340136054422,221.251,283.126,"T,BARTOK,TONE,4L,B,T,FD,UL,HR,R",2021-10-05,"BARTOK MOV 4 v2_[FD, T, B, R, HR, 4L]_[3,41,251]_[4,43,126] [2021-10-05 171203].wav"
249,BARTOK MOV 4,1.078140589569161,169.922,171.001,"T,BARTOK,TONE,LR,D,UL,2L",2021-10-05,"BARTOK MOV 4 v2_[LR, 2L, D]_[2,49,922]_[2,51,1] [2021-10-05 171202].wav"
250,BARTOK MOV 4,1.0156462585034014,26.766,27.782,"T,BARTOK,TONE,T,LR,UL,S,2L",2021-10-05,"BARTOK MOV 4 v2_[LR, 2L, S, T]_[0,26,766]_[0,27,782] [2021-10-05 171157].wav"
251,BARTOK MOV 4,0.9375056689342404,23.813,24.751,"T,BARTOK,TONE,D,3L,LR,UL,S",2021-10-05,"BARTOK MOV 4 v2_[LR, D, S, 3L]_[0,23,813]_[0,24,751] [2021-10-05 171157].wav"
252,BARTOK MOV 4,0.6094104308390023,153.071,153.68,"T,BARTOK,P,TONE,LR,UL",2021-10-05,"BARTOK MOV 4 v2_[LR,P]_[2,33,71]_[2,33,680] [2021-10-05 171201].wav"
253,BARTOK MOV 4,1.3984580498866213,252.852,254.251,"LR,T,BARTOK,TONE,LT,UL",2021-10-05,"BARTOK MOV 4 v2_[LT, LR]_[4,12,852]_[4,14,251] [2021-10-05 171204].wav"
254,BARTOK MOV 4,2.156281179138322,95.282,97.438,"T,BARTOK,TONE,MIX,T,UL,R",2021-10-05,"BARTOK MOV 4 v2_[MIX,  T, R]_[1,35,282]_[1,37,438] [2021-10-05 171159].wav"
255,BARTOK MOV 4,2.1250113378684805,160.376,162.501,"T,BARTOK,TONE,4L,E,MR,T,FL,UL",2021-10-05,"BARTOK MOV 4 v2_[MR, FL, T, E, 4L]_[2,40,376]_[2,42,501] [2021-10-05 171201].wav"
256,BARTOK MOV 4,0.46095238095238095,153.68,154.141,"MR,T,BARTOK,TONE,UL,P",2021-10-05,"BARTOK MOV 4 v2_[MR, P]_[2,33,680]_[2,34,141] [2021-10-05 171201].wav"
257,BARTOK MOV 4,0.49219954648526076,73.196,73.688,"T,MIX,BARTOK,P,TONE,C,UL",2021-10-05,"BARTOK MOV 4 v2_[P, C, MIX]_[1,13,196]_[1,13,688] [2021-10-05 171158].wav"
258,BARTOK MOV 4,0.3359637188208617,77.157,77.493,"T,MIX,BARTOK,P,TONE,C,UL",2021-10-05,"BARTOK MOV 4 v2_[P, C, MIX]_[1,17,157]_[1,17,493] [2021-10-05 171159].wav"
259,BARTOK MOV 4,0.5469160997732426,152.516,153.063,"T,BARTOK,P,TONE,UL,HR",2021-10-05,"BARTOK MOV 4 v2_[P, HR]_[2,32,516]_[2,33,63] [2021-10-05 171201].wav"
260,BARTOK MOV 4,0.5546938775510204,151.946,152.501,"LR,T,BARTOK,P,TONE,UL",2021-10-05,"BARTOK MOV 4 v2_[P, LR]_[2,31,946]_[2,32,501] [2021-10-05 171200].wav"
261,BARTOK MOV 4,1.062517006802721,59.036,60.098,"T,BARTOK,TONE,R,T,P,MR,UL,2L",2021-10-05,"BARTOK MOV 4 v2_[P, MR, R, 2L, T]_[0,59,36]_[1,0,98] [2021-10-05 171158].wav"
262,BARTOK MOV 4,1.6250113378684807,234.876,236.501,"T,MIX,BARTOK,TONE,D,R,3L,UL",2021-10-05,"BARTOK MOV 4 v2_[R, 3L, D, MIX]_[3,54,876]_[3,56,501] [2021-10-05 171203].wav"
263,BARTOK MOV 4,2.062517006802721,16.876,18.938,"T,LR,T,S,TONE,BARTOK,UL",2021-10-05,"BARTOK MOV 4 v2_[S, T, LR]_[0,16,876]_[0,18,938] [2021-10-05 171156].wav"
264,BARTOK MOV 4,1.812517006802721,213.188,215.001,"T,MIX,BARTOK,TONE,MIX,D,SLD,UL",2021-10-05,"BARTOK MOV 4 v2_[SLD, D, MIX]_[3,33,188]_[3,35,1] [2021-10-05 171203].wav"
265,BARTOK MOV 4,1.8603854875283448,21.953,23.813,"LR,T,BARTOK,TONE,MIX,SLD,UL,S",2021-10-05,"BARTOK MOV 4 v2_[SLD, LR, S]_[0,21,953]_[0,23,813] [2021-10-05 171156].wav"
266,BARTOK MOV 4,1.7812698412698413,97.594,99.376,"T,MIX,BARTOK,TONE,UL,E",2021-10-05,"BARTOK MOV 4 v2_[UL, E, MIX]_[1,37,594]_[1,39,376] [2021-10-05 171200].wav"
267,BARTOK MOV 4,5.781269841269841,189.376,195.157,"LR,T,BARTOK,TONE,D,M,UL,S",2021-10-05,"BARTOK MOV 4 v2_[UL, LR, D,M, S]_[3,9,376]_[3,15,157] [2021-10-05 171202].wav"
268,BARTOK MOV 4,1.1445578231292517,150.793,151.938,"LR,T,BARTOK,TONE,C,2L,P,UL,V",2021-10-05,"BARTOK MOV 4 v2_[V,  2L, P, LR, C]_[2,30,793]_[2,31,938] [2021-10-05 171200].wav"
269,YSAE,1.406281179138322,404.943,406.35,"T,MIX,TONE,C,D,YSAYE,R,UL,2L",2021-10-05,"Ysae v2_[2L, D, C, MIX, R]_[6,44,943]_[6,46,350] [2021-10-05 171216].wav"
270,YSAE,1.7187528344671201,285.756,287.475,"T,TONE,YSAYE,E,T,MR,UL,S,2L",2021-10-05,"Ysae v2_[2L, E, S, T, MR]_[4,45,756]_[4,47,475] [2021-10-05 171212].wav"
271,YSAE,1.2187755102040816,301.943,303.162,"T,TONE,YSAYE,E,T,MR,UL,S,2L",2021-10-05,"Ysae v2_[2L, E, S, T, MR]_[5,1,943]_[5,3,162] [2021-10-05 171213].wav"
272,YSAE,1.3750340136054422,290.881,292.256,"T,MIX,TONE,D,YSAYE,FL,UL,2L",2021-10-05,"Ysae v2_[2L, FL, D, MIX]_[4,50,881]_[4,52,256] [2021-10-05 171213].wav"
273,YSAE,1.5000226757369615,376.044,377.943,"LR,T,T,TONE,UL,YSAYE,2L",2021-10-05,"Ysae v2_[2L, LR, T]_[6,16,44]_[6,17,943] [2021-10-05 171215].wav"
274,YSAE,1.0468934240362813,355.756,356.803,"T,TONE,YSAYE,R,T,MR,UL,2L",2021-10-05,"Ysae v2_[2L, T, R, MR]_[5,55,756]_[5,56,803] [2021-10-05 171214].wav"
275,YSAE,2.3750113378684805,305.006,307.381,"T,TONE,YSAYE,3L,MR,FL,M,UL",2021-10-05,"Ysae v2_[3L, FL, MR, M]_[5,5,6]_[5,7,381] [2021-10-05 171213].wav"
276,YSAE,2.7500226757369615,400.006,402.756,"T,MIX,4L,TONE,D,UL,YSAYE",2021-10-05,"Ysae v2_[4L, D, MIX]_[6,40,6]_[6,42,756] [2021-10-05 171215].wav"
277,YSAE,2.515646258503401,360.756,363.271,"T,TONE,B,YSAYE,T,4L,UL,HR",2021-10-05,"Ysae v2_[4L, T, HR, B]_[6,0,756]_[6,3,271] [2021-10-05 171214].wav"
278,YSAE,2.8437868480725625,276.912,279.756,"T,UL,TONE,D,YSAYE,UL,HR,R",2021-10-05,"Ysae v2_[D, HR, R, UL]_[4,36,912]_[4,39,756] [2021-10-05 171212].wav"
279,YSAE,1.5312698412698413,406.35,407.881,"T,TONE,C,MIX,HR,D,B,YSAYE,UL,R",2021-10-05,"Ysae v2_[HR,MIX, B, D,  R, C]_[6,46,350]_[6,47,881] [2021-10-05 190133].wav"
280,YSAE,2.375034013605442,382.881,385.256,"T,UL,TONE,HR,D,R,YSAYE,UL",2021-10-05,"Ysae v2_[HR,R, D, UL]_[6,22,881]_[6,25,256] [2021-10-05 171215].wav"
281,YSAE,1.5312698412698413,374.1,375.631,"LR,T,UL,TONE,YSAYE,4L,R",2021-10-05,"Ysae v2_[R, 4L, LR]_[6,14,100]_[6,15,631] [2021-10-05 171214].wav"
282,YSAE,1.5000226757369615,338.256,339.756,"LR,T,TONE,YSAYE,E,S,FL,UL,2L",2021-10-05,"Ysae v2_[S, E, FL, LR, 2L]_[5,38,256]_[5,39,756] [2021-10-05 171214].wav"
283,YSAE,1.2109750566893425,408.045,409.256,"T,ST,TONE,MR,UL,YSAYE",2021-10-05,"Ysae v2_[ST, MR]_[6,48,45]_[6,49,256] [2021-10-05 171216].wav"
284,YSAE,1.8007936507936508,319.756,321.557,"T,MIX,TONE,YSAYE,E,FL,UL,S",2021-10-05,"Ysae v2_[UL, MIX, S, FL, E]_[5,19,756]_[5,21,557] [2021-10-05 171214].wav"
285,YSAE,1.7500226757369615,387.693,389.443,"T,MIX,T,TONE,UL,YSAYE",2021-10-05,"Ysae v2_[UL, MIX, T]_[6,27,693]_[6,29,443] [2021-10-05 171215].wav"
286,YSAE,2.6406349206349207,313.756,316.396,"T,MIX,TONE,YSAYE,T,FL,UL,S",2021-10-05,"Ysae v2_[UL, S, MIX, T, FL]_[5,13,756]_[5,16,396] [2021-10-05 171213].wav"
